Winery,Region,Ratings,Number of Reviews,Yelp Dollar Signs
Fulcrum,Russian River Valley,4.5,26,$$
Kynsi,Santa Maria Valley,4,80,$$
Muscardini,Sonoma Valley,4.5,67,$$
Byington,Santa Cruz Mountains,4,182,$$
Robert Biale,St. Helena,4.5,114,$$
Schweiger,Spring Mountain District,4.5,73,$$
Demetria,Santa Ynez Valley,4,199,$$
Clavo Cellars,Paso Robles,4.5,26,$$
Rocky Hill,Sonoma Mountain,3.5,184,$$
Jaffurs,Santa Maria Valley,4.5,53,$$
Martinelli,Sonoma Coast,4,88,$$
Blue Rock,Alexander Valley,5,1,
Seghesio,Dry Creek Valley,4,188,$$
Norman,Paso Robles,5,1,$$
Venus,Sonoma County,,,
Round Pond,Rutherford,4,241,$$$
Roar,Santa Lucia Highlands,3.5,529,
Schramsberg,Carneros,4.5,304,$$$
Santa Cruz Mountain Vineyard,Santa Lucia Highlands,4,28,$$
Sequoia Grove,Rutherford,4.5,285,$$
HammerSky,Paso Robles,4,82,$$
HdV,Napa Valley,5,2,$$$
En Garde,Russian River Valley,4.5,44,$$
Trione,Russian River Valley,4.5,77,$$
La Marea,Santa Clara Valley,5,28,$
Talley,Arroyo Grande Valley,4.5,123,$$
Bodega de Edgar,Paso Robles,5,18,$$
Groth,Napa Valley,4.5,49,$$
Bacio Divino,Russian River Valley,,,
Robert Biale,Russian River Valley,4.5,114,$$
Hunt Cellars,Paso Robles,4,76,$$
Buena Vista,Sonoma Valley,4,358,$$
Fetzer,Monterey County,,,
Zucca,Amador County,4.5,69,$$
Kokomo,Russian River Valley,4.5,100,$$
LXV,Paso Robles,4.5,209,$$
JCR,Santa Barbara County,,,
Kaleidos,Paso Robles,4.5,17,$$
Shenandoah Vineyards,Amador County,3.5,18,$$
Left Bend,Santa Cruz Mountains,5,36,$$
Ravenswood,Sonoma Valley,4,385,$$
Portola Vineyards,Santa Cruz Mountains,5,8,$$$
Charbay,Napa Valley,4.5,36,$$
Sergio,Sonoma Valley,4.5,80,
MacRostie,Carneros,4.5,147,$$
Wallis Family Estate,Diamond Mountain District,,,$$$
Solminer,Santa Barbara County,4.5,13,$$
Armida,Russian River Valley,3.5,126,$$
Hahn,Santa Lucia Highlands,4.5,116,$$
Rutherford Hill,Napa Valley,4,316,$$
Villa San Juliette,Paso Robles,4.5,62,$$
Gamba,Russian River Valley,5,3,$$
Frank Family,Carneros,4,358,$$
Apsara,Carneros,,,
Roblar,Sta. Rita Hills,4,260,$$
Howell Mountain Vineyards,Howell Mountain,4,1,
Kenwood,Dry Creek Valley,4,99,$$
Martin Ray,Santa Cruz Mountains,,,
Lucas & Lewellen,Santa Ynez Valley,3.5,196,$$
Trentadue,Alexander Valley,4,121,$$
Papapietro Perry,Russian River Valley,4,94,$$$
Epiphany,Santa Maria Valley,4,136,$$
Silver Mountain,Santa Lucia Highlands,4,1,
Markham,Napa Valley,4,140,$$
Tres Sabores,Napa Valley,5,110,$$
Hanna,Alexander Valley,4,90,$$
Highway 12,Carneros,4,66,$$
Armida,Alexander Valley,3.5,126,$$
Benessere,Napa Valley,4.5,84,$$
Clarksburg Wine Company,Clarksburg,3.5,33,$$
Rideau,Santa Ynez Valley,4,327,$$
Derby,Paso Robles,4.5,64,$$
Charles Krug,Napa Valley,4.5,198,$$
Croma Vera,Paso Robles,5,13,$$
Hawley,Russian River Valley,4.5,20,$$
De Tierra,Arroyo Seco,4.5,57,$$
Martellotto,Santa Ynez Valley,,,
Snowden,Napa Valley,,,
Spottswoode,Napa Valley,4.5,17,$$$
En Garde,Diamond Mountain District,4.5,44,$$
Ken Brown,Sta. Rita Hills,4.5,16,$$
Baiocchi Wines,El Dorado,4.5,15,$$
Longoria,Santa Barbara County,4,60,$$
Sobon Estate,Amador County,4,42,$$
Yorba,Amador County,5,24,$$
Frei Brothers,Alexander Valley,,,
Buehler,Napa Valley,5,35,$$
Culton,Paso Robles,5,13,$$
Bogle,Clarksburg,4,178,$$
Galerie,Napa Valley,5,6,$$$
Talbott,Santa Lucia Highlands,4,104,$$
Brander,Santa Ynez Valley,4,117,$$
Flora Springs,Rutherford,4.5,223,$$
Della,Russian River Valley,4,715,$$
Three Sticks,Sonoma Mountain,4.5,34,$$$
Kaena,Ballard Canyon,4.5,33,$$
Envy,Napa Valley,3.5,342,$$
Dancing Coyote,Clarksburg,4,23,$
Muscardini,Dry Creek Valley,4.5,67,$$
Cottonwood Canyon,Santa Maria Valley,4,57,$$
Hourglass,Napa Valley,5,8,$$$
Babcock,Sta. Rita Hills,4.5,108,$$
Stuhlmuller Vineyards,Alexander Valley,4,32,$$
Schug,Carneros,4,156,$$
Cornerstone,Napa Valley,4.5,163,$$
Foppiano,Russian River Valley,3.5,57,$$
Kelleher,Russian River Valley,5,1,
Arrowood,Sonoma County,4,103,$$
Luna,Carneros,3.5,201,$$
Mazzocco,Dry Creek Valley,4.5,170,$$
Summers,Napa Valley,4.5,96,$$
Carol Shelton,Dry Creek Valley,5,43,$$
Morse,Amador County,4.5,23,$$
Foundry,Sonoma Coast,4,116,
Goldschmidt,Alexander Valley,,,
Robert Biale,Calistoga,4.5,114,$$
B Cellars,Napa Valley,5,127,$$
Elyse,St. Helena,4.5,103,$$
Bacio Divino,Napa Valley,,,
Moshin,Russian River Valley,4,102,$$
Whetstone,Napa Valley,4.5,72,$$
V. Sattui,Russian River Valley,4,3432,$$
Foley Johnson,Rutherford,4,45,$$
Martin Ranch,Santa Cruz Mountains,4.5,55,$$
Silverado,Carneros,3,675,$$$
Dutton-Goldfield,Sonoma Coast,4,74,$$
Law,Paso Robles,5,27,
Carol Shelton,Alexander Valley,5,43,$$
Toad Hollow,Sonoma County,4,118,$
Cedarville,El Dorado,5,6,$$$
Robert Mondavi,Napa Valley,4,968,$$
Kenwood,Alexander Valley,4,99,$$
Bernardus,Arroyo Seco,4.5,278,$$$$
Kenwood,Sonoma Coast,4,99,$$
Miner,Napa Valley,4,221,$$
Stonestreet,Alexander Valley,4,48,$$$
Wedell Cellars,Santa Maria Valley,,,
Windemere,Arroyo Grande Valley,,,
Wedell Cellars,Edna Valley,,,
Beaulieu Vineyard,Rutherford,4,321,$$
Dragonette,Santa Ynez Valley,4.5,62,$$
La Follette,Sonoma Coast,4,22,$$
Dierberg,Santa Maria Valley,,,
Everhart Cellars,El Dorado,,,
Bodega de Edgar,Arroyo Grande Valley,5,18,$$
Cline,California,,,
Wedell Cellars,Arroyo Grande Valley,,,
Mollie,Sta. Rita Hills,4,51,
Jodar,El Dorado,4.5,102,$$
Holdredge,Russian River Valley,4,10,$$
Hanna,Sonoma Valley,4,56,$$
Shenandoah,Amador County,3.5,18,$$
Marimar Estate,Sonoma Coast,4,50,$$
Olabisi,Suisun Valley,4.5,28,$$
McIntyre Vineyards,Santa Lucia Highlands,4.5,22,$$
Sanford,Santa Barbara County,4.5,56,$$
Sobon Estate,California,4,42,$$
Pali,Sonoma Coast,3.5,2,
Hestan,Napa Valley,4,44,$$
Winc,Napa Valley,5,9,$$
LangeTwins,Clarksburg,4,49,$$
Raymond,St. Helena,4,330,$$
Clos LaChance,Santa Cruz Mountains,3.5,329,$$
Smith-Madrone,Spring Mountain District,4.5,34,$$
Castoro Cellars,Paso Robles,4.5,306,$$
Barton,Santa Ynez Valley,,,
Rally Point Wines,Russian River Valley,,,
Forchini,Russian River Valley,4.5,29,$$
Sojourn,Sonoma Valley,4,59,$$
Truett Hurst,Russian River Valley,4.5,296,$$
R2,Santa Barbara County,,,
Daniel Gehrs,Central Coast,4,55,$$
Simi,Russian River Valley,4,149,$$
Kenwood,Sonoma Mountain,4,99,$$
Fritz,Dry Creek Valley,4,72,$$
Corkscrew,Sonoma Coast,5,1,$$$
Scratch,Monterey County,4,1128,$$
Hartley-Ostini,Sta. Rita Hills,,,
No Limit,Edna Valley,4.5,13,
Caliza,Paso Robles,4.5,41,$$$
Pezzi King,Alexander Valley,4,22,$$
Vinum,Clarksburg,,,
Haywood,Sonoma Valley,4,10,$$
Barber,Sonoma Mountain,5,4,
Kenwood,Russian River Valley,4,99,$$
TH,Paso Robles,4,26,$$$
Kokomo,Sonoma County,4.5,100,$$
Davis Family,Sonoma Coast,4.5,30,$$
Napa Cellars,St. Helena,4,256,$
Naggiar,Amador County,4.5,51,$$
JCB,Sonoma Coast,4,10,
Andis,Clarksburg,4,106,$$
Leo Steen Wines,Dry Creek Valley,5,1,
Whetstone,Russian River Valley,4.5,72,$$
Peter Cellars,Carneros,5,68,$$
Silver Trident,Sonoma Coast,5,50,$$
Baileyana,Edna Valley,4,139,$$
Bougetz,Spring Mountain District,5,1,
Field Stone,Alexander Valley,4.5,104,$$
Ideology,Russian River Valley,5,1,
Shafer,Napa Valley,4.5,43,$$$
Anaba,Sonoma Coast,4,219,$$
ZD,Napa Valley,4,156,$$
Charles Krug,St. Helena,4.5,198,$$
Conn Creek,Napa Valley,4.5,129,$$
Elyse,Rutherford,4.5,103,$$
Giornata,Paso Robles,5,10,$$
Westwood,Sonoma County,4.5,98,$$
Joseph Swan Vineyards,Sonoma County,4,51,$$
Laura Michael,Calistoga,4.5,61,$$
MacLeod,Sonoma Valley,5,20,$$
Cima Collina,Santa Lucia Highlands,4.5,44,$$
Sweetzer Cellars,Sta. Rita Hills,5,1,
Elyse,Yountville,4.5,103,$$
AronHill,Paso Robles,4,121,$$
Lobo,Napa Valley,3,17,$
Joyce,Santa Lucia Highlands,4.5,74,$$
Artesa,Alexander Valley,4,1308,$$
Bernat,Santa Ynez Valley,5,1,
Geyser Peak,Alexander Valley,4,15,$$
Silver Spur,Napa Valley,3.5,87,$
Aver Family Vineyards,Santa Clara Valley,4.5,28,$$
Nickel & Nickel,St. Helena,4.5,115,$$$
Andrew Murray,Santa Ynez Valley,4,102,$$
Casa Dumetz,Santa Barbara County,4.5,54,$$
Arrowood,Russian River Valley,4,103,$$
Fulcrum,Sonoma Coast,4.5,26,$$
Equinox,Santa Cruz Mountains,3.5,286,$$$
Darioush,Napa Valley,3.5,509,$$$
Hanzell,Sonoma Valley,4.5,77,$$$
Pech Merle,Sonoma County,4.5,43,$$
Kenwood,Sonoma Valley,4,99,$$
Clos Pegase,Carneros,4,212,$$
Demetria,Sta. Rita Hills,4,199,$$
Walt,Sonoma County,4,125,$$
Arcadian,Sta. Rita Hills,5,16,$$$
Byron,Sta. Rita Hills,4.5,4,$$$
Francis Ford Coppola,Russian River Valley,4,767,$$
La Honda Winery,Santa Cruz Mountains,4.5,72,$$
Martin Ray,Russian River Valley,4.5,57,$$
Roger Roessler,Russian River Valley,4,58,$$
Bridlewood,Central Coast,4,293,$$
Chappellet,Napa Valley,4.5,113,$$$
Ramey,Sonoma Coast,4.5,11,$$
Mesa Del Sol,Arroyo Seco,5,3,
Schramsberg,Napa Valley,4.5,304,$$$
Zenaida Cellars,Paso Robles,4.5,65,$$
Alexander Valley Vineyards,Dry Creek Valley,4.5,98,$$
Trombetta,Sonoma Mountain,5,1,
Kendall-Jackson,Sonoma County,4.5,357,$$
Coquelicot,Santa Ynez Valley,4,94,$$
Keller Estate,Sonoma Coast,4,80,$$
Sanglier Cellars,Russian River Valley,5,39,$$
Captûre,Spring Mountain District,5,1,
Gallegos,Santa Lucia Highlands,,,
Robert Biale,Sonoma County,4.5,114,$$
Kunde,Sonoma County,4.5,522,$$
Sterling,Calistoga,3.5,1291,$$
J. Lohr,Monterey County,4,191,$$
Bernat,Santa Barbara County,5,1,
Morgan,Monterey County,4,49,$$
Prime Solum,Napa Valley,5,6,$$
Castello di Amorosa,Napa Valley,4,3442,$$
Trombetta,Sonoma Coast,5,1,
Whitcraft,Santa Ynez Valley,4,33,$$$
Solis,Santa Clara Valley,3.5,90,$$
Fogline Vineyards,Sonoma Coast,5,66,$$
Amici,Napa Valley,3.5,400,$$
Apsara,Napa Valley,,,
Failla,Sonoma Coast,4.5,100,$$
Paul Mathew,Russian River Valley,4,26,$$
Anglim,Paso Robles,4.5,39,$$
Merriam,Russian River Valley,4.5,39,$$
Rally Point Wines,Sonoma Valley,,,
VGS Chateau Potelle,Sonoma County,4.5,42,$$$
Carol Shelton,Sonoma Coast,5,43,$$
Wattle Creek,Alexander Valley,5,3,$$
Ridge,Paso Robles,4.5,41,
La Sirena,Calistoga,4.5,5,$$$$
Davies,Howell Mountain,4.5,18,$$
B.R. Cohn,Carneros,4,273,$$
Fogline Vineyards,Russian River Valley,,66,$$
Cinnabar,Santa Lucia Highlands,5,9,$$
Ramey,Russian River Valley,4.5,11,$$
Hill Family Estate,Napa Valley,4.5,145,$$
Estancia,Monterey County,,,
Summerland,Santa Ynez Valley,4,522,$$
Sonoma-Cutrer,Sonoma Coast,4,78,$$
Heringer,Clarksburg,4.5,56,$$
Francis Ford Coppola,Sonoma County,4,767,$$
Black Coyote,Napa Valley,,,
Rideau,Sta. Rita Hills,4,327,$$
Tensley,Santa Barbara County,4,33,$$
Cerro Prieto,Paso Robles,5,1,
Sculpterra,Central Coast,4.5,254,$$
Ancien,Sonoma Mountain,5,4,
Paul Hobbs,Sonoma Mountain,4,21,$$$
Longoria,Santa Maria Valley,4,60,$$
Pahlmeyer,Sonoma Coast,5,2,$$$$
Morse,El Dorado,4.5,23,$$
Turley,Amador County,3.5,52,$$
Kivelstadt Cellars,Sonoma Valley,5,26,$$
Pali,Sonoma County,3.5,2,
Transcendence,Central Coast,5,9,$$
Carlson,Santa Ynez Valley,,,
MacRostie,Russian River Valley,4.5,147,$$
Harmony Cellars,Paso Robles,4.5,109,$$
Reynoso,Alexander Valley,5,2,
Apriori,Sonoma Coast,5,3,
August Ridge,Paso Robles,4.5,28,$$
Deerfield Ranch,Sonoma Valley,4.5,138,$$
Benaddiction,California,4,735,$$
Urban Legend,Clarksburg,4.5,96,$$
Walt,Carneros,4,125,$$
Signorello,Napa Valley,4,140,$$
Joseph Cellars,Carneros,5,22,$$
Zaca Mesa,Santa Maria Valley,4,171,$$
Barton,Sta. Rita Hills,,,
Eleven Eleven,Russian River Valley,4.5,29,$$$
Girard,Napa Valley,4.5,271,$$
Puccioni,Dry Creek Valley,,,
Lepe,Arroyo Seco,,,$
Rock Wall,Clarksburg,4,492,$$
Jamie Slone Wines,Santa Barbara County,4.5,126,$$
Vezer Family Vineyard,Suisun Valley,4.5,85,$$
Geyser Peak,Sonoma County,4,15,$$
Windy Oaks,Santa Cruz Mountains,4,41,$$$
Together,Napa Valley,2,6,$$$
Trinitas,Rutherford,4.5,181,$$
Brander,Santa Barbara County,4,117,$$
Maldonado,Napa Valley,3.5,20,$$
Freeman,Sonoma Coast,5,22,$$
Medlock Ames,Russian River Valley,4.5,129,$$
Tank Garage,Sonoma County,4,123,$$
Kenneth Volk,Santa Maria Valley,4.5,51,$$
Buena Vista,Alexander Valley,4,358,$$
Cima Collina,Monterey County,4.5,44,$$
Bougetz,Napa Valley,5,1,
Signorello,Carneros,4,140,$$
Passaggio,Russian River Valley,4.5,37,$$
Emeritus,Sonoma Coast,4.5,32,$$
Gallegos,Napa Valley,5,5,
Bennett Lane,Napa Valley,4.5,119,$$
Rock Wall,Napa Valley,4,492,$$
Envy,Calistoga,4.5,98,$$
Venge,Calistoga,5,50,$$
Stuhlmuller Vineyards,Russian River Valley,4,32,$$
Fetzer,Napa Valley,,,
Merryvale,Napa Valley,4,217,$$
Sbragia,Howell Mountain,5,11,
Silver Trident,Napa Valley,5,50,$$
Robert Hall,Paso Robles,4,126,$$
Blair,Arroyo Seco,4.5,27,$$
Hess Collection,Napa Valley,4,366,$$
Honig,St. Helena,4.5,311,$$
Rendarrio Vineyards,Santa Lucia Highlands,5,4,$$
Frequency,Santa Barbara County,5,23,$$
Davis Estates,Napa Valley,5,29,$$$
Dilecta,Paso Robles,5,20,
Seven Oxen,Paso Robles,5,8,
Edna Valley Vineyard,Santa Lucia Highlands,4,158,$$
Iron Hub,Amador County,4.5,33,$$
Gainey,Santa Ynez Valley,4,332,$$
Blue Rock,Sonoma Coast,5,1,
Raymond,Calistoga,4,330,$$
Alta,Napa Valley,5,1,$$$
Reata,Central Coast,,,
Hawley,Alexander Valley,4.5,54,$$
Dubost,Paso Robles,4.5,35,$$
Rusack,Santa Maria Valley,4,153,$$
Wilson,Alexander Valley,4,122,$$
Portfolio,Napa Valley,,,
Carol Shelton,Carneros,5,43,$$
Chasseur,Russian River Valley,5,1,
Chateau Montelena,Calistoga,4,505,$$$
Darms Lane,Napa Valley,5,1,
Halleck,Sonoma Coast,5,35,$$$
Jamie Slone Wines,Santa Ynez Valley,4.5,126,$$
VinRoc,Napa Valley,5,1,$$
Monticello Vineyards,Napa Valley,4,103,$$
Saddleback,Calistoga,4.5,61,$$
Sheldon,Napa Valley,5,17,$$
Calcareous,Paso Robles,4.5,248,$$
Liquid Farm,Santa Maria Valley,5,5,
Davies,Carneros,4.5,18,$$
Acorn,Russian River Valley,5,10,
AuburnJames,Napa Valley,4.5,16,$$$
Chronic Cellars,Central Coast,4,175,$$
Kokomo,Alexander Valley,4.5,100,$$
Preston,Dry Creek Valley,4,158,$$
Westerly,Sta. Rita Hills,5,1,
Barber,Alexander Valley,5,21,$$
Carol Shelton,Sonoma County,5,43,$$
La Sirena,Napa Valley,4.5,5,$$$$
Laura Michael,Dry Creek Valley,4.5,61,$$
Gundlach Bundschu,Sonoma Coast,4,497,$$
Pomar Junction,Paso Robles,4.5,64,$$
Maldonado,Sonoma County,3.5,20,$$
Jericho Canyon Vineyard,Napa Valley,5,16,$$
White Rock Vineyards,Napa Valley,5,50,$$
Steele,Santa Barbara County,,,
August Briggs,Sonoma Valley,4,100,$$
Cuvaison,Napa Valley,4,270,$$
Acacia,Russian River Valley,4,104,$$$
Wild Horse,Santa Maria Valley,4,74,$$
Lamborn Family Vineyards,Howell Mountain,,,
Trinchero,St. Helena,4.5,92,$$$
Grgich Hills,Calistoga,4,505,$$
Ballentine,St. Helena,4.5,45,$$
Ravenswood,Sonoma Mountain,4,385,$$
Square Peg,Russian River Valley,5,22,
Phipps,Dry Creek Valley,,,
Spellbound,Napa Valley,,,
Longoria,Santa Ynez Valley,4,60,$$
Neyers,Napa Valley,4.5,10,$$
Spann Vineyards,Sonoma Valley,5,9,$$
Summerland,Santa Barbara County,4,522,$$
Jax,Russian River Valley,4,6,$$
Corley,Napa Valley,4,103,$$
Phifer Pavitt,Napa Valley,4.5,8,$$$
Estancia,Paso Robles,,,
Forchini,Dry Creek Valley,4.5,29,$$
Lost Blues,Santa Maria Valley,5,2,
Rare,California,4.5,66,$
Rodney Strong,Sonoma Coast,4,188,$$
Rusack,Ballard Canyon,4,153,$$
Hyde de Villaine,Carneros,4,20,$$$
Patz & Hall,Sonoma Coast,4.5,54,$$$
Cinnabar,Santa Cruz Mountains,4.5,237,
Auriga,El Dorado,5,8,$$
Mayo,Russian River Valley,4.5,152,$$
J Wilkes,Santa Maria Valley,4.5,11,$$
Ken Brown,Santa Barbara County,4.5,16,$$
Cosentino,Napa Valley,4.5,280,$$
Cru,Santa Maria Valley,5,60,
Whitehall Lane,Napa Valley,4,232,$$
Alysian,Dry Creek Valley,5,6,$$
Hall,Alexander Valley,4,532,$$
Brecon Estate,Central Coast,4,86,$$
Work,Calistoga,5,11,
Muscardini,Napa Valley,4.5,67,$$
Eagle Eye,Napa Valley,5,6,$$
Pellegrini,Russian River Valley,4.5,57,$$
Pech Merle,Russian River Valley,4.5,43,$$
Sojourn,Russian River Valley,4,59,$$
Pence Ranch,Santa Barbara County,4.5,36,$$
Koehler,Santa Ynez Valley,4,110,$$
Miller Wine Works,El Dorado,2.5,19,$$
Onward,Suisun Valley,5,1,
Pestoni Family,Rutherford,4.5,51,$$
Jamie Slone Wines,Santa Maria Valley,4.5,126,$$
White Oak,Napa Valley,4,56,$$
Summerland,Sta. Rita Hills,4,140,$$
Inspiration,Russian River Valley,4.5,28,$$
Brophy Clark,Paso Robles,,,
WesMar,Sonoma Coast,,,
Nickel & Nickel,Napa Valley,4.5,115,$$$
Merriam,Dry Creek Valley,4.5,39,$$
Robert Biale,Sonoma Valley,4.5,114,$$
Ken Brown,Santa Maria Valley,4.5,16,$$
Cameron Hughes,Sonoma Valley,3.5,23,$$
Chamisal Vineyards,Central Coast,4,103,$$
Blackjack,Sta. Rita Hills,3.5,85,$$
Curran,Santa Ynez Valley,5,6,$$
Grgich Hills,Yountville,4,505,$$
Joseph Jewell,Dry Creek Valley,5,24,$$
J. Rickards,Russian River Valley,5,87,$$
Kokomo,Dry Creek Valley,4.5,100,$$
Hart 2 Hart,El Dorado,3,11,$$
Sculpterra,Paso Robles,4.5,254,$$
Santa Barbara Winery,Santa Ynez Valley,4,353,$$
Thomas Fogarty,Santa Cruz Mountains,4,205,$$
Jason-Stephens,Santa Clara Valley,3.5,111,$$
Uptick Vineyards,Russian River Valley,4,21,$$
Domaine Carneros,Carneros,4,1921,$$
Jamieson Ranch,Napa Valley,4.5,248,$$
Buena Vista,Sonoma County,4,358,$$
Sanglier Cellars,Alexander Valley,5,39,$$
Lone Madrone,Paso Robles,4.5,45,$$
Domaine Degher,Paso Robles,5,7,$
Kuleto Estate,Napa Valley,4.5,120,$$$
Asuncion Ridge,Paso Robles,4.5,41,
Paul Hobbs,Russian River Valley,4,21,$$$
Marimar Estate,Russian River Valley,4,50,$$
Patland,Napa Valley,5,11,$$$
Gibbs,Napa Valley,5,15,
San Simeon,Paso Robles,3.5,118,
Avant,California,,,
Barton,Central Coast,4,98,$$
Pace,Sta. Rita Hills,5,11,$
Volatus,Paso Robles,,,
Burrell School Vineyards,Santa Cruz Mountains,3,117,$$
Vermeil,Calistoga,3.5,53,$$
River Road,Sonoma County,4.5,176,$$
Four Sisters Ranch,Paso Robles,5,24,$$
Frei Brothers,Russian River Valley,,,
Andis,Amador County,4,106,$$
Barlow,Calistoga,5,3,
Vanderbilt,Dry Creek Valley,3,3,
Ancient Oak Cellars,Russian River Valley,4.5,30,$$
Benziger,Sonoma Coast,4.5,490,$$
Opolo,Paso Robles,4,344,$$
Robert Biale,Napa Valley,4.5,114,$$
Acacia,Sonoma Coast,4,104,$$$
Gibbs,Russian River Valley,,,
MacPhail,Sonoma Coast,,,
Rosenblum,Sonoma County,,,
Vino Vargas,Central Coast,4.5,4,$$
Laird,Napa Valley,4.5,128,$$
William Harrison,Carneros,4,55,$$
Gustafson Family,Dry Creek Valley,4.5,11,$$
JAQK Cellars,Sonoma Coast,4.5,13,$$
Gracianna,Russian River Valley,5,68,$$
Peachy Canyon,Paso Robles,4,143,$$
Bradford Mountain,Dry Creek Valley,,,$$
Silverado,Napa Valley,4,282,$$
Proulx,Paso Robles,4.5,39,$$
Robert Mondavi,Carneros,4,968,$$
Owl Ridge,Alexander Valley,,,
Hunnicutt,Napa Valley,4.5,16,$$
Acacia,Carneros,4,104,$$$
Beaulieu Vineyard,Carneros,4,321,$$
Casa Nuestra,St. Helena,4,61,$$
Cass,Paso Robles,4.5,215,$$
Small Vines,Russian River Valley,5,4,$$$
Morgan,Santa Lucia Highlands,4,49,$$
Fog Crest,Russian River Valley,4.5,124,$$
Clayhouse,Paso Robles,5,1,
Sheldon,Sonoma Valley,5,17,$$
V. Sattui,Napa Valley,4,3431,$$
Cedar View Winery,California,4.5,26,$$
Roche,Carneros,4,274,$$
Meadowcroft,Carneros,4.5,95,$$
Ty Caton,Sonoma County,4.5,73,$$
Miraflores,El Dorado,4.5,42,$$
Roth,Sonoma County,4.5,43,$$
Seghesio,Alexander Valley,4,189,$$
Silver,Santa Barbara County,4,16,$
Kathryn Kennedy,Santa Cruz Mountains,5,2,
B.R. Cohn,Sonoma Valley,4,273,$$
Truett Hurst,Dry Creek Valley,4.5,296,$$
Beaucanon,Napa Valley,,,
Lasseter,Sonoma Valley,5,85,$$
Skinner,El Dorado,4,44,$$
Chamisal Vineyards,Edna Valley,4,103,$$
Dragonette,Santa Barbara County,4.5,62,$$
Michel-Schlumberger,Dry Creek Valley,4,122,$$
Neyers,Sonoma Coast,4.5,10,$$
Nicholson Ranch,Sonoma Coast,4,295,$$
Prospect 772,California,5,15,$$
Kunde,Sonoma Valley,4.5,522,$$
Tin Barn,Carneros,4.5,78,$$
Sanford,Central Coast,4,145,$$
Thomas George,Russian River Valley,4,83,$$
Broadway Vineyards,Carneros,,,
Hobo,Alexander Valley,,,
Portalupi,Carneros,4.5,127,$$
Mirror,Sonoma Coast,4,8,
Simi,Sonoma County,4,149,$$
Woodenhead,Russian River Valley,4.5,48,$$
Talisman,Sonoma Coast,4.5,33,$$$
Wellington,Sonoma Valley,5,16,$$
Stephen Ross,Santa Maria Valley,4.5,23,$$
Kitá,Sta. Rita Hills,5,1,
Black Ridge,Santa Cruz Mountains,4,24,$$$
Etude,Carneros,4,158,$$
Solminer,Santa Ynez Valley,4.5,13,$$
WesMar,Russian River Valley,,,
Lynmar,Russian River Valley,4,189,$$$
Williams Selyem,Russian River Valley,4.5,59,$$$
Byron,Santa Maria Valley,4.5,4,$$$
Carlisle,Russian River Valley,4,2,
Three Sticks,Sonoma Valley,4.5,34,$$$
Amador Cellars,Amador County,4.5,30,$$
Saintsbury,Carneros,4.5,106,$$
Sheldon,Sonoma County,5,17,$$
Saintsbury,Sonoma Coast,4.5,106,$$
Elyse,Spring Mountain District,4.5,103,$$
Sequoia Grove,Napa Valley,4.5,285,$$
Pali,Santa Barbara County,4,100,$$
Pear Valley,Paso Robles,4,139,$$
Renwood,Amador County,4.5,277,$$
Soquel Vineyards,Santa Cruz Mountains,4.5,48,$$
Starmont,Carneros,4.5,144,$$
Stephen Ross,Edna Valley,4.5,23,$$
Stonehedge,Napa Valley,4.5,124,$$
Rodney Strong,Sonoma County,4,188,$$
Hearst Ranch,Paso Robles,5,5,$$
Boeger,El Dorado,4,192,$$
Saxon Brown,Sonoma Coast,,,
Franciscan,Carneros,3.5,1654,$$$
Gibbs,St. Helena,,,
Santa Barbara Winery,Sta. Rita Hills,4,353,$$
Mount Eden Vineyards,Santa Cruz Mountains,4,6,$$$
Wolff,Edna Valley,4.5,173,$$
Ballentine,Napa Valley,4.5,45,$$
Gary Farrell,Russian River Valley,4,167,$$$
Hall,St. Helena,4,532,$$
Lancaster,Alexander Valley,4.5,63,$$$
Michael Gill Cellars,Paso Robles,3.5,37,$$
Eric Kent,Sonoma Coast,5,6,$$
Fidelity,Alexander Valley,3,6,
Grgich Hills,Rutherford,4,505,$$
Kanzler,Sonoma Coast,,,
David Girard,El Dorado,4,46,$$
Ancient Oak Cellars,Sonoma Mountain,4.5,30,$$
Foley,Sta. Rita Hills,4,120,$$
Jax,Napa Valley,4,431,$$
Bacigalupi,Russian River Valley,4.5,36,$$$
Herzog,Alexander Valley,,,
Davis Family,Rockpile,,,
Lincourt,Sta. Rita Hills,4,139,$$
Rotta,Paso Robles,4.5,131,$$
Cebada,Santa Ynez Valley,4.5,43,$$
Fiddlehead,Santa Ynez Valley,4.5,35,$$
Raymond,Diamond Mountain District,4,330,$$
Tedeschi Family,Napa Valley,4.5,68,$$
Russian Ridge,Santa Cruz Mountains,4.5,75,
Tercero,Santa Ynez Valley,4.5,54,$$
Tin Barn,Sonoma Coast,4.5,78,$$
Highway 12,Sonoma County,4,66,$$
Paraduxx,Napa Valley,4.5,324,$$
Hunt Cellars,Monterey County,4,76,$$
J Vineyards & Winery,Russian River Valley,4,373,$$$
Rodney Strong,Alexander Valley,4,188,$$
Pope Valley Winery,Napa Valley,4.5,27,$$
River Road,Russian River Valley,4.5,176,$$
Newton,Spring Mountain District,4.5,52,$$$
Stolpman,Ballard Canyon,4.5,116,$$
Tamber Bey,Sonoma Coast,4.5,154,$$
Tablas Creek,Paso Robles,4,236,$$
Frank Family,Chiles Valley,4,358,$$
Arista,Russian River Valley,4.5,163,$$$
Brave & Maiden,Santa Ynez Valley,5,3,
Oso Libre,Paso Robles,4.5,132,$$
Pali,Sta. Rita Hills,5,2,$$
Raymond,Rutherford,4,330,$$
Spicy Vines,Russian River Valley,4.5,46,$$
Martin Ranch,Arroyo Seco,4.5,55,$$
Summit Lake,Howell Mountain,4.5,8,$$
VML,Russian River Valley,4.5,94,$$
Ravenswood,Napa Valley,4,385,$$
Seghesio,Sonoma County,4,189,$$
Siduri,Russian River Valley,4,23,$$
Valdez,Alexander Valley,4,4,$$
Sanguis,Santa Barbara County,5,15,$$$
Sanguis,Sta. Rita Hills,5,15,$$$
Sanguis,Central Coast,5,15,$$$
Diamond Creek,Napa Valley,4.5,13,$$$$
Palmina,Santa Barbara County,4.5,70,$$
Dry Creek Vineyard,Clarksburg,4,150,$$
Buttonwood,Santa Ynez Valley,4,157,$$
Stephen Ross,Paso Robles,4.5,23,$$
Tercero,Santa Barbara County,4.5,54,$$
Flowers,Sonoma Coast,5,35,$
Au Bon Climat,Santa Maria Valley,4,55,$$
Brewer-Clifton,Sta. Rita Hills,4.5,9,$$$
Merry Edwards,Russian River Valley,4,128,$$$
Paul Hobbs,St. Helena,4,21,$$$
Wrath,Santa Lucia Highlands,4,48,$$
Reyes,California,2.5,2,$
Uphill Vineyards,Amador County,4.5,11,$$
Karah Estate,Sonoma Coast,4,20,$$
Krutz,Napa Valley,5,2,$$
Broken Earth,Paso Robles,4,127,$$
Bianchi,Paso Robles,4,117,$$
Castello di Amorosa,Sonoma Coast,4,3441,$$
Sevtap,Santa Ynez Valley,4,262,$$
Eco Terreno,Alexander Valley,,,
Hindsight,Howell Mountain,4,1,
Hindsight,Calistoga,4,1,
Napa Cellars,Napa Valley,4,256,$
Ferrari-Carano,Sonoma County,3.5,257,$$
Franciscan,Napa Valley,3,1,
Soquel Vineyards,Napa Valley,4.5,48,$$
Martin Ranch,Santa Clara Valley,4.5,55,$$
Terra Valentine,Spring Mountain District,5,3,$$$
Testarossa,Santa Lucia Highlands,4,18,$$
Vincent Vineyards,Santa Ynez Valley,4.5,168,$$
Yardstick,Napa Valley,4.5,12,
Alta Colina,Paso Robles,5,81,$$
Chronic Cellars,Paso Robles,4,175,$$
Claiborne & Churchill,Edna Valley,4.5,84,$$
Duckhorn,Napa Valley,4,519,$$$
Dutton-Goldfield,Russian River Valley,4,74,$$
J. Lohr,Paso Robles,4,191,$$
Del Carlo Winery,Dry Creek Valley,5,2,$$
MCV,Paso Robles,5,9,$$
Mounts,Dry Creek Valley,4.5,30,$$
Beaver Creek,Napa Valley,4.5,379,$$
Pezzi King,Dry Creek Valley,4,22,$$
Rochioli,Russian River Valley,4,83,$$$
Trione,Alexander Valley,4.5,77,$$
Dunbar,Sonoma Valley,,,
Lava Cap,El Dorado,4,116,$$
Beringer,Napa Valley,3.5,540,$$
Conn Creek,Chiles Valley,4.5,129,$$
Davis Family,Russian River Valley,4.5,30,$$
Joseph Jewell,Russian River Valley,5,24,$$
Le Vigne,Paso Robles,4.5,87,$$
Flying Goat Cellars,Santa Maria Valley,4,42,$$
Midsummer Cellars,Napa Valley,5,1,$$
Turiya,Ballard Canyon,5,20,$$
Artesa,Carneros,4,1308,$$
Carlisle,Sonoma Valley,4,2,
Sanctuary,Santa Maria Valley,4.5,26,$$
Limerick Lane,Russian River Valley,4.5,54,$$
Flying Goat Cellars,Sta. Rita Hills,4,42,$$
Four Lanterns,Paso Robles,5,37,$$
Turiya,Central Coast,5,20,$$
Silvertip,Santa Cruz Mountains,4,8,$$
Midnight,Paso Robles,4.5,69,$$
Walt,Russian River Valley,4,125,$$
Armida,Dry Creek Valley,3.5,126,$$
Foxen,Santa Maria Valley,4,150,$$
Niner,Paso Robles,4,280,$$
Paradise Ridge,Rockpile,4.5,6,
Truchard,Carneros,4.5,76,$$
Cobb,Sonoma Coast,3.5,1000,$$
Cooper-Garrod,Santa Cruz Mountains,4,143,$$
Nadia,Santa Barbara County,,,
Dry Creek Vineyard,Dry Creek Valley,4,150,$$
Dutton Estate,Russian River Valley,4.5,46,$$
Failla,Russian River Valley,4.5,100,$$
Friedeman,Russian River Valley,5,1,
Pech Merle,Dry Creek Valley,4.5,43,$$
Edna Valley Vineyard,Edna Valley,4,158,$$
Casa Dumetz,Ballard Canyon,4.5,54,$$
Frank Family,Rutherford,4,358,$$
Brecon Estate,Paso Robles,4,86,$$
Spring Mountain Vineyard,Napa Valley,4.5,70,$$
Grgich Hills,Carneros,4,505,$$
Scott Harvey,Amador County,4.5,51,$$
Shafer,Carneros,4.5,43,$$$
Tres Sabores,Rutherford,5,110,$$
Williams Selyem,Sonoma Coast,4.5,59,$$$
Sextant,Paso Robles,4,81,$$
Belden Barns,Sonoma Mountain,5,20,
Madrigal,Napa Valley,4.5,87,$$
St. Francis,Alexander Valley,5,10,
Tamber Bey,Yountville,4.5,154,$$
Tantara,Santa Maria Valley,5,1,$$
Fess Parker,Sta. Rita Hills,4,277,$$
Longboard,Russian River Valley,4,63,$$
Tantara,Sta. Rita Hills,5,1,$$
Balletto,Russian River Valley,4.5,138,$$
Bodega de Edgar,Central Coast,5,18,$$
Cambria,Santa Maria Valley,4,79,$$
Rosenblum,Sonoma Valley,4,150,$$
Still Waters,Paso Robles,4.5,69,$$
Summers,Alexander Valley,4.5,96,$$
Viszlay Vineyards,Russian River Valley,4.5,44,$$
Ampelos,Sta. Rita Hills,4.5,32,$$
Bouchaine,Carneros,4.5,141,$$
Martin Ray,Dry Creek Valley,4.5,57,$$
Epoch Estate Wines,Paso Robles,4,90,$$
Carlisle,Sonoma County,4,2,
Freemark Abbey,Rutherford,4,135,$$
Joseph Phelps,St. Helena,4.5,290,$$$
Pine Ridge,Napa Valley,4.5,278,$$$
Tolosa,Edna Valley,4,231,$$
Volker Eisele Family Estate,Napa Valley,4.5,9,$$
Grayson,California,,,
Sante Arcangeli,Santa Cruz Mountains,4.5,10,$$
Bella,Alexander Valley,4,24,$$
Medlock Ames,Alexander Valley,4.5,31,$$
Hendry,Napa Valley,5,619,$$
Fulcrum,Russian River Valley,4.5,26,$$
Kynsi,Santa Maria Valley,4,80,$$
Muscardini,Sonoma Valley,4.5,67,$$
Byington,Santa Cruz Mountains,4,182,$$
Robert Biale,St. Helena,4.5,114,$$
Schweiger,Spring Mountain District,4.5,73,$$
Demetria,Santa Ynez Valley,4,199,$$
Clavo Cellars,Paso Robles,4.5,26,$$
Rocky Hill,Sonoma Mountain,3.5,184,$$
Jaffurs,Santa Maria Valley,4.5,53,$$
Martinelli,Sonoma Coast,4,88,$$
Blue Rock,Alexander Valley,5,1,
Seghesio,Dry Creek Valley,4,188,$$
Norman,Paso Robles,5,1,$$
Venus,Sonoma County,,,
Round Pond,Rutherford,4,241,$$$
Roar,Santa Lucia Highlands,3.5,529,
Schramsberg,Carneros,4.5,304,$$$
Santa Cruz Mountain Vineyard,Santa Lucia Highlands,4,28,$$
Sequoia Grove,Rutherford,4.5,285,$$
HammerSky,Paso Robles,4,82,$$
HdV,Napa Valley,5,2,$$$
En Garde,Russian River Valley,4.5,44,$$
Trione,Russian River Valley,4.5,77,$$
La Marea,Santa Clara Valley,5,28,$
Talley,Arroyo Grande Valley,4.5,123,$$
Bodega de Edgar,Paso Robles,5,18,$$
Groth,Napa Valley,4.5,49,$$
Bacio Divino,Russian River Valley,,,
Robert Biale,Russian River Valley,4.5,114,$$
Hunt Cellars,Paso Robles,4,76,$$
Buena Vista,Sonoma Valley,4,358,$$
Fetzer,Monterey County,,,
Zucca,Amador County,4.5,69,$$
Kokomo,Russian River Valley,4.5,100,$$
LXV,Paso Robles,4.5,209,$$
JCR,Santa Barbara County,,,
Kaleidos,Paso Robles,4.5,17,$$
Shenandoah Vineyards,Amador County,3.5,18,$$
Left Bend,Santa Cruz Mountains,5,36,$$
Ravenswood,Sonoma Valley,4,385,$$
Portola Vineyards,Santa Cruz Mountains,5,8,$$$
Charbay,Napa Valley,4.5,36,$$
Sergio,Sonoma Valley,4.5,80,
MacRostie,Carneros,4.5,147,$$
Wallis Family Estate,Diamond Mountain District,,,$$$
Solminer,Santa Barbara County,4.5,13,$$
Armida,Russian River Valley,3.5,126,$$
Hahn,Santa Lucia Highlands,4.5,116,$$
Rutherford Hill,Napa Valley,4,316,$$
Villa San Juliette,Paso Robles,4.5,62,$$
Gamba,Russian River Valley,5,3,$$
Frank Family,Carneros,4,358,$$
Apsara,Carneros,,,
Roblar,Sta. Rita Hills,4,260,$$
Howell Mountain Vineyards,Howell Mountain,4,1,
Kenwood,Dry Creek Valley,4,99,$$
Martin Ray,Santa Cruz Mountains,,,
Lucas & Lewellen,Santa Ynez Valley,3.5,196,$$
Trentadue,Alexander Valley,4,121,$$
Papapietro Perry,Russian River Valley,4,94,$$$
Epiphany,Santa Maria Valley,4,136,$$
Silver Mountain,Santa Lucia Highlands,4,1,
Markham,Napa Valley,4,140,$$
Tres Sabores,Napa Valley,5,110,$$
Hanna,Alexander Valley,4,90,$$
Highway 12,Carneros,4,66,$$
Armida,Alexander Valley,3.5,126,$$
Benessere,Napa Valley,4.5,84,$$
Clarksburg Wine Company,Clarksburg,3.5,33,$$
Rideau,Santa Ynez Valley,4,327,$$
Derby,Paso Robles,4.5,64,$$
Charles Krug,Napa Valley,4.5,198,$$
Croma Vera,Paso Robles,5,13,$$
Hawley,Russian River Valley,4.5,20,$$
De Tierra,Arroyo Seco,4.5,57,$$
Martellotto,Santa Ynez Valley,,,
Snowden,Napa Valley,,,
Spottswoode,Napa Valley,4.5,17,$$$
En Garde,Diamond Mountain District,4.5,44,$$
Ken Brown,Sta. Rita Hills,4.5,16,$$
Baiocchi Wines,El Dorado,4.5,15,$$
Longoria,Santa Barbara County,4,60,$$
Sobon Estate,Amador County,4,42,$$
Yorba,Amador County,5,24,$$
Frei Brothers,Alexander Valley,,,
Buehler,Napa Valley,5,35,$$
Culton,Paso Robles,5,13,$$
Bogle,Clarksburg,4,178,$$
Galerie,Napa Valley,5,6,$$$
Talbott,Santa Lucia Highlands,4,104,$$
Brander,Santa Ynez Valley,4,117,$$
Flora Springs,Rutherford,4.5,223,$$
Della,Russian River Valley,4,715,$$
Three Sticks,Sonoma Mountain,4.5,34,$$$
Kaena,Ballard Canyon,4.5,33,$$
Envy,Napa Valley,3.5,342,$$
Dancing Coyote,Clarksburg,4,23,$
Muscardini,Dry Creek Valley,4.5,67,$$
Cottonwood Canyon,Santa Maria Valley,4,57,$$
Hourglass,Napa Valley,5,8,$$$
Babcock,Sta. Rita Hills,4.5,108,$$
Stuhlmuller Vineyards,Alexander Valley,4,32,$$
Schug,Carneros,4,156,$$
Cornerstone,Napa Valley,4.5,163,$$
Foppiano,Russian River Valley,3.5,57,$$
Kelleher,Russian River Valley,5,1,
Arrowood,Sonoma County,4,103,$$
Luna,Carneros,3.5,201,$$
Mazzocco,Dry Creek Valley,4.5,170,$$
Summers,Napa Valley,4.5,96,$$
Carol Shelton,Dry Creek Valley,5,43,$$
Morse,Amador County,4.5,23,$$
Foundry,Sonoma Coast,4,116,
Goldschmidt,Alexander Valley,,,
Robert Biale,Calistoga,4.5,114,$$
B Cellars,Napa Valley,5,127,$$
Elyse,St. Helena,4.5,103,$$
Bacio Divino,Napa Valley,,,
Moshin,Russian River Valley,4,102,$$
Whetstone,Napa Valley,4.5,72,$$
V. Sattui,Russian River Valley,4,3432,$$
Foley Johnson,Rutherford,4,45,$$
Martin Ranch,Santa Cruz Mountains,4.5,55,$$
Silverado,Carneros,3,675,$$$
Dutton-Goldfield,Sonoma Coast,4,74,$$
Law,Paso Robles,5,27,
Carol Shelton,Alexander Valley,5,43,$$
Toad Hollow,Sonoma County,4,118,$
Cedarville,El Dorado,5,6,$$$
Robert Mondavi,Napa Valley,4,968,$$
Kenwood,Alexander Valley,4,99,$$
Bernardus,Arroyo Seco,4.5,278,$$$$
Kenwood,Sonoma Coast,4,99,$$
Miner,Napa Valley,4,221,$$
Stonestreet,Alexander Valley,4,48,$$$
Wedell Cellars,Santa Maria Valley,,,
Windemere,Arroyo Grande Valley,,,
Wedell Cellars,Edna Valley,,,
Beaulieu Vineyard,Rutherford,4,321,$$
Dragonette,Santa Ynez Valley,4.5,62,$$
La Follette,Sonoma Coast,4,22,$$
Dierberg,Santa Maria Valley,,,
Everhart Cellars,El Dorado,,,
Bodega de Edgar,Arroyo Grande Valley,5,18,$$
Cline,California,,,
Wedell Cellars,Arroyo Grande Valley,,,
Mollie,Sta. Rita Hills,4,51,
Jodar,El Dorado,4.5,102,$$
Holdredge,Russian River Valley,4,10,$$
Hanna,Sonoma Valley,4,56,$$
Shenandoah,Amador County,3.5,18,$$
Marimar Estate,Sonoma Coast,4,50,$$
Olabisi,Suisun Valley,4.5,28,$$
McIntyre Vineyards,Santa Lucia Highlands,4.5,22,$$
Sanford,Santa Barbara County,4.5,56,$$
Sobon Estate,California,4,42,$$
Pali,Sonoma Coast,3.5,2,
Hestan,Napa Valley,4,44,$$
Winc,Napa Valley,5,9,$$
LangeTwins,Clarksburg,4,49,$$
Raymond,St. Helena,4,330,$$
Clos LaChance,Santa Cruz Mountains,3.5,329,$$
Smith-Madrone,Spring Mountain District,4.5,34,$$
Castoro Cellars,Paso Robles,4.5,306,$$
Barton,Santa Ynez Valley,,,
Rally Point Wines,Russian River Valley,,,
Forchini,Russian River Valley,4.5,29,$$
Sojourn,Sonoma Valley,4,59,$$
Truett Hurst,Russian River Valley,4.5,296,$$
R2,Santa Barbara County,,,
Daniel Gehrs,Central Coast,4,55,$$
Simi,Russian River Valley,4,149,$$
Kenwood,Sonoma Mountain,4,99,$$
Fritz,Dry Creek Valley,4,72,$$
Corkscrew,Sonoma Coast,5,1,$$$
Scratch,Monterey County,4,1128,$$
Hartley-Ostini,Sta. Rita Hills,,,
No Limit,Edna Valley,4.5,13,
Caliza,Paso Robles,4.5,41,$$$
Pezzi King,Alexander Valley,4,22,$$
Vinum,Clarksburg,,,
Haywood,Sonoma Valley,4,10,$$
Barber,Sonoma Mountain,5,4,
Kenwood,Russian River Valley,4,99,$$
TH,Paso Robles,4,26,$$$
Kokomo,Sonoma County,4.5,100,$$
Davis Family,Sonoma Coast,4.5,30,$$
Napa Cellars,St. Helena,4,256,$
Naggiar,Amador County,4.5,51,$$
JCB,Sonoma Coast,4,10,
Andis,Clarksburg,4,106,$$
Leo Steen Wines,Dry Creek Valley,5,1,
Whetstone,Russian River Valley,4.5,72,$$
Peter Cellars,Carneros,5,68,$$
Silver Trident,Sonoma Coast,5,50,$$
Baileyana,Edna Valley,4,139,$$
Bougetz,Spring Mountain District,5,1,
Field Stone,Alexander Valley,4.5,104,$$
Ideology,Russian River Valley,5,1,
Shafer,Napa Valley,4.5,43,$$$
Anaba,Sonoma Coast,4,219,$$
ZD,Napa Valley,4,156,$$
Charles Krug,St. Helena,4.5,198,$$
Conn Creek,Napa Valley,4.5,129,$$
Elyse,Rutherford,4.5,103,$$
Giornata,Paso Robles,5,10,$$
Westwood,Sonoma County,4.5,98,$$
Joseph Swan Vineyards,Sonoma County,4,51,$$
Laura Michael,Calistoga,4.5,61,$$
MacLeod,Sonoma Valley,5,20,$$
Cima Collina,Santa Lucia Highlands,4.5,44,$$
Sweetzer Cellars,Sta. Rita Hills,5,1,
Elyse,Yountville,4.5,103,$$
AronHill,Paso Robles,4,121,$$
Lobo,Napa Valley,3,17,$
Joyce,Santa Lucia Highlands,4.5,74,$$
Artesa,Alexander Valley,4,1308,$$
Bernat,Santa Ynez Valley,5,1,
Geyser Peak,Alexander Valley,4,15,$$
Silver Spur,Napa Valley,3.5,87,$
Aver Family Vineyards,Santa Clara Valley,4.5,28,$$
Nickel & Nickel,St. Helena,4.5,115,$$$
Andrew Murray,Santa Ynez Valley,4,102,$$
Casa Dumetz,Santa Barbara County,4.5,54,$$
Arrowood,Russian River Valley,4,103,$$
Fulcrum,Sonoma Coast,4.5,26,$$
Equinox,Santa Cruz Mountains,3.5,286,$$$
Darioush,Napa Valley,3.5,509,$$$
Hanzell,Sonoma Valley,4.5,77,$$$
Pech Merle,Sonoma County,4.5,43,$$
Kenwood,Sonoma Valley,4,99,$$
Clos Pegase,Carneros,4,212,$$
Demetria,Sta. Rita Hills,4,199,$$
Walt,Sonoma County,4,125,$$
Arcadian,Sta. Rita Hills,5,16,$$$
Byron,Sta. Rita Hills,4.5,4,$$$
Francis Ford Coppola,Russian River Valley,4,767,$$
La Honda Winery,Santa Cruz Mountains,4.5,72,$$
Martin Ray,Russian River Valley,4.5,57,$$
Roger Roessler,Russian River Valley,4,58,$$
Bridlewood,Central Coast,4,293,$$
Chappellet,Napa Valley,4.5,113,$$$
Ramey,Sonoma Coast,4.5,11,$$
Mesa Del Sol,Arroyo Seco,5,3,
Schramsberg,Napa Valley,4.5,304,$$$
Zenaida Cellars,Paso Robles,4.5,65,$$
Alexander Valley Vineyards,Dry Creek Valley,4.5,98,$$
Trombetta,Sonoma Mountain,5,1,
Kendall-Jackson,Sonoma County,4.5,357,$$
Coquelicot,Santa Ynez Valley,4,94,$$
Keller Estate,Sonoma Coast,4,80,$$
Sanglier Cellars,Russian River Valley,5,39,$$
Captûre,Spring Mountain District,5,1,
Gallegos,Santa Lucia Highlands,,,
Robert Biale,Sonoma County,4.5,114,$$
Kunde,Sonoma County,4.5,522,$$
Sterling,Calistoga,3.5,1291,$$
J. Lohr,Monterey County,4,191,$$
Bernat,Santa Barbara County,5,1,
Morgan,Monterey County,4,49,$$
Prime Solum,Napa Valley,5,6,$$
Castello di Amorosa,Napa Valley,4,3442,$$
Trombetta,Sonoma Coast,5,1,
Whitcraft,Santa Ynez Valley,4,33,$$$
Solis,Santa Clara Valley,3.5,90,$$
Fogline Vineyards,Sonoma Coast,5,66,$$
Amici,Napa Valley,3.5,400,$$
Apsara,Napa Valley,,,
Failla,Sonoma Coast,4.5,100,$$
Paul Mathew,Russian River Valley,4,26,$$
Anglim,Paso Robles,4.5,39,$$
Merriam,Russian River Valley,4.5,39,$$
Rally Point Wines,Sonoma Valley,,,
VGS Chateau Potelle,Sonoma County,4.5,42,$$$
Carol Shelton,Sonoma Coast,5,43,$$
Wattle Creek,Alexander Valley,5,3,$$
Ridge,Paso Robles,4.5,41,
La Sirena,Calistoga,4.5,5,$$$$
Davies,Howell Mountain,4.5,18,$$
B.R. Cohn,Carneros,4,273,$$
Fogline Vineyards,Russian River Valley,,66,$$
Cinnabar,Santa Lucia Highlands,5,9,$$
Ramey,Russian River Valley,4.5,11,$$
Hill Family Estate,Napa Valley,4.5,145,$$
Estancia,Monterey County,,,
Summerland,Santa Ynez Valley,4,522,$$
Sonoma-Cutrer,Sonoma Coast,4,78,$$
Heringer,Clarksburg,4.5,56,$$
Francis Ford Coppola,Sonoma County,4,767,$$
Black Coyote,Napa Valley,,,
Rideau,Sta. Rita Hills,4,327,$$
Tensley,Santa Barbara County,4,33,$$
Cerro Prieto,Paso Robles,5,1,
Sculpterra,Central Coast,4.5,254,$$
Ancien,Sonoma Mountain,5,4,
Paul Hobbs,Sonoma Mountain,4,21,$$$
Longoria,Santa Maria Valley,4,60,$$
Pahlmeyer,Sonoma Coast,5,2,$$$$
Morse,El Dorado,4.5,23,$$
Turley,Amador County,3.5,52,$$
Kivelstadt Cellars,Sonoma Valley,5,26,$$
Pali,Sonoma County,3.5,2,
Transcendence,Central Coast,5,9,$$
Carlson,Santa Ynez Valley,,,
MacRostie,Russian River Valley,4.5,147,$$
Harmony Cellars,Paso Robles,4.5,109,$$
Reynoso,Alexander Valley,5,2,
Apriori,Sonoma Coast,5,3,
August Ridge,Paso Robles,4.5,28,$$
Deerfield Ranch,Sonoma Valley,4.5,138,$$
Benaddiction,California,4,735,$$
Urban Legend,Clarksburg,4.5,96,$$
Walt,Carneros,4,125,$$
Signorello,Napa Valley,4,140,$$
Joseph Cellars,Carneros,5,22,$$
Zaca Mesa,Santa Maria Valley,4,171,$$
Barton,Sta. Rita Hills,,,
Eleven Eleven,Russian River Valley,4.5,29,$$$
Girard,Napa Valley,4.5,271,$$
Puccioni,Dry Creek Valley,,,
Lepe,Arroyo Seco,,,$
Rock Wall,Clarksburg,4,492,$$
Jamie Slone Wines,Santa Barbara County,4.5,126,$$
Vezer Family Vineyard,Suisun Valley,4.5,85,$$
Geyser Peak,Sonoma County,4,15,$$
Windy Oaks,Santa Cruz Mountains,4,41,$$$
Together,Napa Valley,2,6,$$$
Trinitas,Rutherford,4.5,181,$$
Brander,Santa Barbara County,4,117,$$
Maldonado,Napa Valley,3.5,20,$$
Freeman,Sonoma Coast,5,22,$$
Medlock Ames,Russian River Valley,4.5,129,$$
Tank Garage,Sonoma County,4,123,$$
Kenneth Volk,Santa Maria Valley,4.5,51,$$
Buena Vista,Alexander Valley,4,358,$$
Cima Collina,Monterey County,4.5,44,$$
Bougetz,Napa Valley,5,1,
Signorello,Carneros,4,140,$$
Passaggio,Russian River Valley,4.5,37,$$
Emeritus,Sonoma Coast,4.5,32,$$
Gallegos,Napa Valley,5,5,
Bennett Lane,Napa Valley,4.5,119,$$
Rock Wall,Napa Valley,4,492,$$
Envy,Calistoga,4.5,98,$$
Venge,Calistoga,5,50,$$
Stuhlmuller Vineyards,Russian River Valley,4,32,$$
Fetzer,Napa Valley,,,
Merryvale,Napa Valley,4,217,$$
Sbragia,Howell Mountain,5,11,
Silver Trident,Napa Valley,5,50,$$
Robert Hall,Paso Robles,4,126,$$
Blair,Arroyo Seco,4.5,27,$$
Hess Collection,Napa Valley,4,366,$$
Honig,St. Helena,4.5,311,$$
Rendarrio Vineyards,Santa Lucia Highlands,5,4,$$
Frequency,Santa Barbara County,5,23,$$
Davis Estates,Napa Valley,5,29,$$$
Dilecta,Paso Robles,5,20,
Seven Oxen,Paso Robles,5,8,
Edna Valley Vineyard,Santa Lucia Highlands,4,158,$$
Iron Hub,Amador County,4.5,33,$$
Gainey,Santa Ynez Valley,4,332,$$
Blue Rock,Sonoma Coast,5,1,
Raymond,Calistoga,4,330,$$
Alta,Napa Valley,5,1,$$$
Reata,Central Coast,,,
Hawley,Alexander Valley,4.5,54,$$
Dubost,Paso Robles,4.5,35,$$
Rusack,Santa Maria Valley,4,153,$$
Wilson,Alexander Valley,4,122,$$
Portfolio,Napa Valley,,,
Carol Shelton,Carneros,5,43,$$
Chasseur,Russian River Valley,5,1,
Chateau Montelena,Calistoga,4,505,$$$
Darms Lane,Napa Valley,5,1,
Halleck,Sonoma Coast,5,35,$$$
Jamie Slone Wines,Santa Ynez Valley,4.5,126,$$
VinRoc,Napa Valley,5,1,$$
Monticello Vineyards,Napa Valley,4,103,$$
Saddleback,Calistoga,4.5,61,$$
Sheldon,Napa Valley,5,17,$$
Calcareous,Paso Robles,4.5,248,$$
Liquid Farm,Santa Maria Valley,5,5,
Davies,Carneros,4.5,18,$$
Acorn,Russian River Valley,5,10,
AuburnJames,Napa Valley,4.5,16,$$$
Chronic Cellars,Central Coast,4,175,$$
Kokomo,Alexander Valley,4.5,100,$$
Preston,Dry Creek Valley,4,158,$$
Westerly,Sta. Rita Hills,5,1,
Barber,Alexander Valley,5,21,$$
Carol Shelton,Sonoma County,5,43,$$
La Sirena,Napa Valley,4.5,5,$$$$
Laura Michael,Dry Creek Valley,4.5,61,$$
Gundlach Bundschu,Sonoma Coast,4,497,$$
Pomar Junction,Paso Robles,4.5,64,$$
Maldonado,Sonoma County,3.5,20,$$
Jericho Canyon Vineyard,Napa Valley,5,16,$$
White Rock Vineyards,Napa Valley,5,50,$$
Steele,Santa Barbara County,,,
August Briggs,Sonoma Valley,4,100,$$
Cuvaison,Napa Valley,4,270,$$
Acacia,Russian River Valley,4,104,$$$
Wild Horse,Santa Maria Valley,4,74,$$
Lamborn Family Vineyards,Howell Mountain,,,
Trinchero,St. Helena,4.5,92,$$$
Grgich Hills,Calistoga,4,505,$$
Ballentine,St. Helena,4.5,45,$$
Ravenswood,Sonoma Mountain,4,385,$$
Square Peg,Russian River Valley,5,22,
Phipps,Dry Creek Valley,,,
Spellbound,Napa Valley,,,
Longoria,Santa Ynez Valley,4,60,$$
Neyers,Napa Valley,4.5,10,$$
Spann Vineyards,Sonoma Valley,5,9,$$
Summerland,Santa Barbara County,4,522,$$
Jax,Russian River Valley,4,6,$$
Corley,Napa Valley,4,103,$$
Phifer Pavitt,Napa Valley,4.5,8,$$$
Estancia,Paso Robles,,,
Forchini,Dry Creek Valley,4.5,29,$$
Lost Blues,Santa Maria Valley,5,2,
Rare,California,4.5,66,$
Rodney Strong,Sonoma Coast,4,188,$$
Rusack,Ballard Canyon,4,153,$$
Hyde de Villaine,Carneros,4,20,$$$
Patz & Hall,Sonoma Coast,4.5,54,$$$
Cinnabar,Santa Cruz Mountains,4.5,237,
Auriga,El Dorado,5,8,$$
Mayo,Russian River Valley,4.5,152,$$
J Wilkes,Santa Maria Valley,4.5,11,$$
Ken Brown,Santa Barbara County,4.5,16,$$
Cosentino,Napa Valley,4.5,280,$$
Cru,Santa Maria Valley,5,60,
Whitehall Lane,Napa Valley,4,232,$$
Alysian,Dry Creek Valley,5,6,$$
Hall,Alexander Valley,4,532,$$
Brecon Estate,Central Coast,4,86,$$
Work,Calistoga,5,11,
Muscardini,Napa Valley,4.5,67,$$
Eagle Eye,Napa Valley,5,6,$$
Pellegrini,Russian River Valley,4.5,57,$$
Pech Merle,Russian River Valley,4.5,43,$$
Sojourn,Russian River Valley,4,59,$$
Pence Ranch,Santa Barbara County,4.5,36,$$
Koehler,Santa Ynez Valley,4,110,$$
Miller Wine Works,El Dorado,2.5,19,$$
Onward,Suisun Valley,5,1,
Pestoni Family,Rutherford,4.5,51,$$
Jamie Slone Wines,Santa Maria Valley,4.5,126,$$
White Oak,Napa Valley,4,56,$$
Summerland,Sta. Rita Hills,4,140,$$
Inspiration,Russian River Valley,4.5,28,$$
Brophy Clark,Paso Robles,,,
WesMar,Sonoma Coast,,,
Nickel & Nickel,Napa Valley,4.5,115,$$$
Merriam,Dry Creek Valley,4.5,39,$$
Robert Biale,Sonoma Valley,4.5,114,$$
Ken Brown,Santa Maria Valley,4.5,16,$$
Cameron Hughes,Sonoma Valley,3.5,23,$$
Chamisal Vineyards,Central Coast,4,103,$$
Blackjack,Sta. Rita Hills,3.5,85,$$
Curran,Santa Ynez Valley,5,6,$$
Grgich Hills,Yountville,4,505,$$
Joseph Jewell,Dry Creek Valley,5,24,$$
J. Rickards,Russian River Valley,5,87,$$
Standing Sun,Santa Barbara County,5,2,$$
Ojai,Santa Barbara County,4.5,8,
Rocca,Napa Valley,4.5,7,$$
Hovey,El Dorado,4.5,46,$$
Guglielmo,Santa Clara Valley,4,185,$$
Lucas & Lewellen,Santa Maria Valley,3.5,196,$$
Santa Cruz Mountain Vineyard,Santa Cruz Mountains,4,28,$$
Spann Vineyards,Sonoma County,5,9,$$
Mazzocco,Russian River Valley,4.5,170,$$
Siduri,Sonoma Coast,4,23,$$
Castello di Amorosa,Rutherford,4,3442,$$
Dierberg,Sta. Rita Hills,4.5,98,$$
Benovia,Sonoma Coast,4.5,41,$$$
Arcadian,Santa Maria Valley,5,16,$$$
Trinitas,Carneros,4.5,181,$$
Wilson,Sonoma County,4,122,$$
Gundlach Bundschu,Sonoma County,4,497,$$
Signorello,Sonoma Coast,4,140,$$
Glunz,Paso Robles,5,64,$$
Chateau Lettau,Santa Lucia Highlands,4.5,43,$$
Arndt,Paso Robles,5,1,
Clif Family,Napa Valley,4.5,185,$$
Montemaggiore,Dry Creek Valley,4.5,13,$$
Parrish Family,Paso Robles,5,55,$$
Limerick Lane,Sonoma Valley,4.5,54,$$
Boheme,Russian River Valley,5,6,$$$
Newton,Napa Valley,4.5,52,$$$
Joullian,Santa Lucia Highlands,4.5,67,$$
Herzog,Napa Valley,5,44,
Pianetta,Central Coast,4.5,52,$$
Stanger,Paso Robles,4.5,4,$$
Stony Hill,Napa Valley,5,26,$$$
Papapietro Perry,Sonoma Coast,4,94,$$$
Jason-Stephens,Santa Cruz Mountains,3.5,111,$$
Casa Nuestra,Napa Valley,4,61,$$
Kendall-Jackson,Alexander Valley,4.5,357,$$
Avalon,California,4,44,$$
Sterling,California,4.5,29,
Fritz,Russian River Valley,4,72,$$
MacMurray Ranch,Russian River Valley,5,4,
Edna Valley Vineyard,Paso Robles,4,158,$$
VGS,Napa Valley,4.5,42,$$$
Davies,Sonoma Coast,4.5,18,$$
Hoopla,Napa Valley,,,
Sebastiani,Sonoma Valley,3.5,275,$$
Korbel,Russian River Valley,4,434,$$
Baehner Fournier,Santa Ynez Valley,,,
Rowland,Yountville,,,
Hoopla,Yountville,,,
Artesa,Napa Valley,4,1308,$$
Landmark,Sonoma County,4,118,$$
Saxon Brown,Sonoma County,,,
Kastania,Sonoma County,5,111,$$
Talbott,Monterey County,4,104,$$
Tom Gore,Alexander Valley,4.5,5,
Zinke,Santa Barbara County,4,55,$$
Diamond Creek,Diamond Mountain District,4.5,13,$$$$
Picayune,Napa Valley,5,20,$$
Three Sticks,Russian River Valley,4.5,34,$$$
Sojourn,Rutherford,4,59,$$
Aperture,Alexander Valley,5,2,
Bonny Doon,Monterey County,,,
Davies,Calistoga,4.5,18,$$
Santa Barbara Winery,Ballard Canyon,4,353,$$
Amici,Rutherford,5,9,$$
Ampelos,Santa Ynez Valley,4.5,32,$$
Conn Creek,Diamond Mountain District,4.5,129,$$
Buena Vista,Sonoma Mountain,4,358,$$
Robert Craig,Napa Valley,4.5,48,$$
Hunt Cellars,Sta. Rita Hills,4,76,$$
Ravenswood,Sonoma County,4,385,$$
Overland,Sonoma County,4.5,15,$$$$
Wilson,Rockpile,4,1750,$$
Ambrose,California,3.5,3,
Pedroncelli,Russian River Valley,4.5,60,$$
Foundry,Napa Valley,5,9,$
Trinchero,Napa Valley,4.5,92,$$$
Carica,Sonoma County,5,4,$$
Hunnicutt,Rutherford,4.5,16,$$
Hoopes,Napa Valley,5,1,
Havens,Napa Valley,4.5,8,$$$
Toad Hollow,Russian River Valley,4,118,$
Noceto,Amador County,4,98,$$
Amici,Sonoma County,5,9,$$
Benziger,Sonoma Mountain,4.5,490,$$
Manzanita Creek,Alexander Valley,4.5,9,$$
Sergio,Napa Valley,4.5,80,
Sabina Vineyards,St. Helena,5,1,$$$
Stolpman,Santa Ynez Valley,4.5,116,$$
Hudson Vineyards,Carneros,5,2,
Rideau,Santa Maria Valley,4,327,$$
V. Sattui,Dry Creek Valley,4,3432,$$
Bridlewood,Sta. Rita Hills,4,293,$$
Holdredge,Sonoma Coast,4,10,$$
Minassian-Young,Paso Robles,4.5,35,$$
Rusack,Sta. Rita Hills,4,153,$$
Bell,Yountville,4.5,104,$$
Deerfield,Sonoma Valley,4.5,138,$$
Carr,Santa Barbara County,4.5,148,$$
Joyce,Sta. Rita Hills,4,149,$$
Trinitas,El Dorado,4,5,
Andretti,Napa Valley,3.5,270,$$
Babcock,Santa Barbara County,4.5,108,$$
Hall,Diamond Mountain District,4,532,$$
Pedroncelli,Sonoma County,4.5,60,$$
Roblar,Santa Ynez Valley,4,260,$$
Trombetta,Russian River Valley,1,1,
Bella,Russian River Valley,4.5,317,$$
Chimere,Edna Valley,,,
Phantom Rivers,Paso Robles,4,22,$$
Equinox,Santa Clara Valley,3.5,286,$$$
Ernest,Sonoma Coast,,,
Harrison Clarke,Ballard Canyon,5,5,$$
Mira,Napa Valley,,,
Rideau,Santa Barbara County,4,327,$$
Alpha Omega,Napa Valley,4,689,$$$
Kaena,Santa Ynez Valley,4.5,33,$$
Sandhi,Sta. Rita Hills,4.5,2,
M2,Amador County,3,2,$
Robert Biale,Carneros,4.5,114,$$